svurl,category
-arroyo-.npage.de,uncategorized
0-100.hotnews.ro,vehicles business
0-100.it,vehicles business
0-60specs.com,vehicles
000a.biz,business
000a.ru,blogsandpersonal education
007futuremoviepredictionbybond.blogspot.com,entertainment
007james.com,entertainment business
007lotto.com,business
01010101.ru,entertainment education
01basma.com,shopping business foodandrecipes
01net.com,informationtech business
01net.it,business
0-padme-amidala-0.deviantart.com,uncategorized
000not.blogspot.co.at,uncategorized
01xq.com,entertainment education
021.rs,entertainment education business
0223.com.ar,newsandmedia entertainment business
02320.net,education business
0-ad.de.softonic.com,games education business
0049-jobs.de,education business
009post.com,entertainment education business
0120.ws,blogsandpersonal education business
01tattoo.com,entertainment mediasharing
024yeya.com,uncategorized
02blog.it,education business
02elf.net,education business
0312.ua,entertainment blogsandpersonal business
0332.ua,entertainment education business
0342.ua,entertainment education business
0352.ua,entertainment education business
035portal.hr,education business
0381-magazin.de,entertainment education business
